Code département;Département;Nombre de crimes & délits;Taux crimes & délits / mille;Taux culture / mille;Total population;Taux de chômage;Nombre de créations d'entreprises;DLF;EELV;LFI;LO;LR;LREM;NPA;PCF;PS;RN;Reconuête;Résistons;abstentions;blancs;nuls;Gagnant;"0;5";"10;15";"15;20";"20;25";"25;30";"30;35";"35;40";"40;45";"45;50";"50;55";"55;60";"5;10";"60;65";"65;70";"70;75";"75;80";"80;85";"85;90";"90;95";"95;99+";AutresdpensesdaidesocialeTotalnet;Dpensesnettestotalesdaideauxpersonnesges;Dpensesnettestotalesdaidesocialelenfancehorsdpensesdepersonnellexceptiondecellesliesauxassistantsfamiliaux;Dpensestotalesnettesdaidesocialeycomprislaidemdicalegnralelesfraiscommunsetlesdpensesdepersonnel;AutresdpensesdaidesocialeTotalbrut;Dpensesbrutestotalesdaideauxpersonnesges;Dpensesbrutestotalesdaidesocialelenfancehorsdpensesdepersonnellexceptiondecellesliesauxassistantsfamiliaux;Dpensestotalesbrutesdaidesocialeycomprislaidemdicalegnralelesfraiscommunsetlesdpensesdepersonnel;Dpensesbrutesdaidedomicile;Dpensesbrutestotalesdallocations;DpensesbrutesdactionsducativesAEDetAEMOhorsdpensesdepersonnelsdpartementaux;Dpensestotalesbrutesdaidedomicile;Dpensesbrutesdeprventionspcialisehorsdpensesdepersonnelsdpartementaux;Dpensesbrutestotalesdeplacements;Dpensestotalesbrutesdaidelaccueil;Dpensesbrutesdeplacementfamilialassistantsfamiliaux;Dpensesbrutesdeplacementshorsfamillesdaccueil
01;Ain                    ;24042;40;1.0536702101536304 ;671937;5.4;8417;8998;15843;57832;1658;17572;92206;2172;5938;5644;86755;27530;10876;97541;5641;1903;LREM;38980;47920;42450;26460;30560;41960;46360;45500;45600;46200;44540;45890;39970;35690;32640;22900;15440;11100;5930;2350;28330.402;57871.872;58489.972;271646.079;29370.243;58953.44;61402.876;282716.891;21092.96;4115.391;2754.899;29989.345;1408.267;49673.529;26987.393;14568.351;34680.192
02;Aisne                  ;22815;46.4;1.5838069132789203 ;522791;10.4;4422;5790;7074;41172;2038;10920;58721;2118;5968;2983;104342;18266;6468;101089;3767;2828;RN  ;26630;35720;33740;26340;24940;29240;31480;31490;32590;34330;35600;32450;35000;33460;31240;19340;13610;10650;5330;1630;20410.185;79422.249;69917.258;378500.838;22234.394;80497.863;74140.992;386638.1;18560.38;1088.504;5825.935;41468.605;958.748;64664.957;35431.005;37325.643;27314.401
03;Allier                 ;12755;39.5;2.514716808595759  ;332443;7.6;3355;4216;5982;31013;1359;10319;49706;1503;8119;3280;50315;12361;7782;58497;3749;1790;RN  ;13590;18290;18070;15770;14050;15380;16920;18030;20000;22310;23350;16370;24080;24080;24520;17370;12830;10010;5390;1890;19504.452;62041.207;45931.68;241149.189;21141.589;62464.142;47682.243;250660.371;16876.566;4695.574;1780.285;25734.54;649.191;36135.456;34791.866;15960.608;20174.848
04;Alpes-de-Haute-Provence;7983;48.9;2.1781655405810842 ;166654;8.2;2629;2504;3957;21856;505;3834;20800;865;2721;1396;26010;7926;4309;29290;1478;624;RN  ;6990;9640;9090;6320;6100;7810;9030;9480;9750;11630;12410;8640;12230;12150;11670;8430;6140;4370;2210;870;-363.542;21691.652;21916.247;90585.188;1770.574;21837.525;22340.995;93450.437;4678.18;1159.455;1957.792;11232.177;418.601;18511.685;9420.622;5514.935;11840.826
05;Hautes-Alpes           ;6136;43.6;2.400994697803376  ;139942;6.8;2484;2142;5013;19718;428;4511;20507;801;1925;1459;19696;6164;3871;25357;1395;532;LREM;5670;8570;8140;5020;5330;6890;8020;8500;8820;9620;10050;7350;10730;10350;9670;6820;4700;3650;1940;660;11209.211;18581.219;11538.917;83203.517;13788.194;19099.139;12081.292;88577.502;6361.786;344.19;1017.604;11004.116;3.392;10300.564;7656.366;1802.645;8254.857
06;Alpes-Maritimes        ;66772;61.8;0.6790786146075753 ;1110328;7.4;28273;13307;23374;92345;1627;31260;139707;2989;8858;5414;148919;78208;12767;208250;7550;4007;RN  ;52500;60230;59580;55670;52010;60500;65220;67390;68390;73280;74180;57880;68510;64780;66620;53360;39490;28870;16270;6020;72801.246;139749.206;113634.461;617786.562;73301.246;141359.903;116893.098;627696.628;52079.246;2866.598;11397.638;69879.313;904.0;95309.594;67384.906;23125.105;72156.435
07;Ardèche                ;11476;36;1.851127231135057  ;332230;8;4342;4927;8544;42837;1219;9553;45353;1817;5710;4189;49594;14199;9033;54114;3311;1459;RN  ;14700;19860;18700;12290;12560;16440;18420;19020;20880;23120;24190;17640;23990;23530;22830;15860;10970;8100;4290;1530;18466.25;53489.287;32682.485;183868.063;21458.376;56225.885;34019.034;192132.36;10830.442;1481.662;6765.744;20745.802;602.0;23949.119;33819.269;12204.612;11360.732
08;Ardennes               ;11379;44.5;1.5635773141886162 ;265417;9.4;2533;2957;3446;22281;1081;5556;31656;1112;3009;1741;48242;8771;4084;49368;1909;984;RN  ;13190;16720;16050;11990;12220;14660;15670;15370;16890;17820;18840;14820;18520;17560;16320;10200;7510;5920;2920;1130;19556.372;45296.163;48294.913;225540.339;21019.653;45916.635;49036.759;229106.247;10313.32;1609.981;4186.423;28148.305;300.0;40521.022;17198.491;14693.767;22274.272
09;Ariège                 ;6370;42.1;2.438850829015209  ;154581;9.4;2074;1621;3020;23908;417;2724;18071;723;2701;3208;21958;5821;7532;25028;1532;775;LFI ;6150;8910;8110;5550;5980;7460;8080;9100;9830;10260;11260;7810;11670;11400;10930;7380;5260;4430;2520;970;9922.186;24300.369;15570.156;111664.589;10243.386;24611.716;16254.193;113395.382;6502.1;631.994;21.214;10304.964;0.0;15154.178;13632.119;9602.382;4898.881
10;Aube                   ;13600;46.2;1.8451423509735765 ;312713;9.5;3559;3966;4619;22483;1005;8923;38321;1062;3094;1720;49316;11374;3787;52384;2339;1158;RN  ;15400;20470;20060;18200;16140;17360;18210;18230;18540;19810;19910;18190;19280;18810;18820;12230;8790;6940;3650;1260;16029.046;44031.94;45380.071;211496.873;17290.966;44665.859;46036.98;215083.837;11727.586;1592.329;808.344;23080.922;1145.986;39112.473;20612.44;13875.555;25151.101
11;Aude                   ;18169;50;2.1565400566124677 ;379775;10;5394;4206;6322;42039;1026;7350;43104;1748;5622;6166;64027;18434;12382;62972;2962;1567;RN  ;16100;22620;21070;15990;15090;17890;20330;22090;23090;25920;26250;19750;26360;27610;27080;19720;12990;9690;5490;1780;36354.0;50931.209;70165.566;326797.258;36572.626;51562.645;72500.742;335815.989;27016.689;1749.026;2743.275;30254.306;587.141;63779.333;19265.164;21772.346;37729.679
12;Aveyron                ;7532;27.5;2.4078367393668785 ;279504;5.7;3219;3477;6746;32734;894;9988;47430;1354;4515;4470;34357;10112;14825;43833;3079;1654;LREM;11550;15410;14800;11750;11090;13560;14840;15630;17160;18940;20320;13580;20530;20520;20420;13950;10640;8760;4780;1640;21467.071;52500.444;33228.358;181835.891;22986.838;52784.894;34862.993;189845.322;11348.398;1031.181;1277.737;25380.609;153.033;27642.445;24706.406;10495.793;17146.652
13;Bouches-du-Rhône       ;171867;89;0.5669082188642697 ;2069118;8.8;45496;20051;42109;237971;3578;36229;229038;5963;24295;11760;264753;108617;24256;383816;13341;5407;RN  ;109270;124240;121520;125340;115000;122020;128890;128500;128800;133470;133050;120200;121780;113540;109990;82840;59410;42000;22070;7610;109492.513;252443.829;257708.765;1454714.717;116127.223;253791.789;259097.768;1499893.342;128986.507;6114.798;18185.837;119270.74;10604.257;211095.042;115733.521;28459.139;179719.976
14;Calvados               ;28305;41.5;1.775633568609539  ;700595;6.4;8602;7920;19621;73950;2757;18383;120366;3764;8777;6848;91774;22255;9816;117799;5547;2571;LREM;33220;42520;44510;45290;35320;37380;39830;41620;42630;44430;44330;37620;44800;45030;42590;27760;19970;15350;7930;2640;32913.545;88750.404;111755.673;395560.715;34676.038;89188.419;115672.278;413677.862;24284.35;2530.229;7857.703;42535.258;1871.139;88799.52;39919.021;38468.459;50331.061
15;Cantal                 ;4041;28.5;4.142329033201289  ;143639;4;1266;1547;2751;12944;555;6987;25038;650;2496;1810;21570;4906;6848;25019;1803;821;LREM;5370;7450;7520;5560;5350;6510;7450;7890;8940;9980;10920;6600;11430;11150;10720;7280;5540;4500;2320;940;7449.036;29693.878;14770.363;93756.496;8618.511;29748.259;14831.164;99938.492;4995.971;446.677;2191.994;15012.161;381.999;10214.131;14251.453;3023.443;6680.578
16;Charente               ;14795;44;1.7747467496211216 ;351036;6.9;3870;4345;7557;37305;1319;8343;53126;1763;5374;4003;50432;10617;8482;59909;3293;1740;LREM;14380;20000;19160;15340;15310;17700;19480;19740;21610;23540;25070;17950;25320;25660;24130;16290;11630;9400;4900;1690;4779.038;51561.282;40850.903;215818.864;5625.6;51780.484;41811.837;225482.435;13976.593;2256.105;1344.291;26718.473;987.174;35545.57;24031.227;16043.344;19501.978
17;Charente-Maritime      ;29064;45.5;1.8155770201110069 ;665904;6.9;9425;9289;19012;71633;2330;19316;113753;3403;10002;6857;99790;24347;14335;116437;5918;2780;LREM;25650;36290;36000;30210;25400;30720;34740;37360;40610;44230;44990;32210;48010;52950;52120;34870;24070;18220;9820;3330;28612.053;77515.598;82750.962;397481.384;35719.555;79014.616;83979.554;426889.037;25580.254;2570.605;2500.119;42348.801;1401.57;67377.126;34362.802;28413.957;36809.71
18;Cher                   ;10943;38.7;2.105801381890108  ;297274;7.4;2944;3770;5028;27901;1304;8147;43497;1463;5749;2585;44772;10822;5495;59808;3146;1083;RN  ;13280;16770;15920;13010;12800;15190;16540;16160;18090;20680;21200;15530;21190;21120;21370;14370;10360;8000;4160;1590;19262.448;39725.928;36425.905;205580.724;20766.357;40529.902;37421.916;215508.827;16229.255;5050.287;1958.516;15460.539;300.0;19367.691;23275.7409513907;11220.376;8032.85
19;Corrèze                ;7602;32.6;2.4928609692209704 ;237077;6;2587;2618;5040;27731;885;12278;33125;1179;6292;3605;31658;8012;10177;38430;2517;1485;LREM;9200;13030;13050;11180;9950;11130;12730;13390;14960;16100;16700;11140;17390;18040;17950;12010;8940;7290;4010;1390;14073.873;35906.927;19624.097;130769.063;14723.649;41913.413;20453.59;145808.01;5968.918;396.075;981.015;13347.307;0.0;18005.244;25476.237;8827.781;9168.613
21;Côte-d'Or              ;21751;42.5;2.2213269770929154 ;536166;5.6;6758;6478;13462;53875;1775;14344;80734;2286;5721;5126;69110;21651;8183;77886;4577;1651;LREM;25290;29920;34680;39520;30120;30740;31210;30780;32560;34740;34210;28540;33150;31720;31090;21070;14660;11350;6260;2500;31767.57582;56619.626;62994.959;286649.534;33230.361;56949.443;64116.589;303951.577;22358.672;1108.167;2934.591;19807.726;0.0;59218.513;35780.364;24478.578;33932.303
22;Côtes-d'Armor          ;20884;35.8;1.94131950499643   ;607834;6.3;6416;6404;19349;74226;2603;17235;113656;3895;11628;8279;79850;17319;11949;96597;5722;3040;LREM;26330;36560;35800;25320;22490;28030;31780;33990;37500;40270;41360;32010;43780;44920;43830;28790;20850;16540;8310;2560;37716.67;88584.373;78318.749;345938.03;39847.739;88712.251;80835.684;352684.548;22384.064;3410.257;0.0;33947.995;700.58;67304.029;52995.893;30682.057;36485.959
23;Creuse                 ;3692;32.6;3.8282672890916483 ;113106;7;1015;1556;1906;13679;490;4391;15542;665;2430;1641;16772;3501;4275;21967;1388;743;RN  ;4090;5850;5460;3820;3990;4910;5430;5910;6770;7950;8720;4920;9600;9770;9580;6020;4420;3890;2220;780;11024.386;33668.138;14961.814;104293.739;11236.39;34296.166;15203.782;105659.086;5168.713;534.21;1131.732;18878.914;0.0;12614.896;14356.41;6924.382;5657.981
24;Dordogne               ;14093;35.8;3.218419862803915  ;411382;7.2;5293;5416;8563;50054;1294;11280;58532;2223;8855;5362;63327;15800;15850;64856;3636;3120;RN  ;14880;21820;21000;13450;13720;18480;20760;22420;24680;28010;31020;19370;32790;34050;33130;22760;15740;12620;6840;2220;26646.804;71353.407;67311.783;283919.134;28192.198;72172.409;69389.491;289466.912;13862.845;1247.608;2756.824;37223.604;2160.68;59831.817;33513.812;16090.448;43250.646
25;Doubs                  ;21881;41.5;1.44334244662905   ;550112;6.5;6140;7775;13096;55587;2069;15107;76338;2345;5001;4902;66703;19486;8688;84117;4989;2176;LREM;28820;35300;35420;34570;31130;32280;33890;33940;33060;34620;33920;33020;31460;29890;29120;20310;14610;11090;5580;1770;30575.904;57302.89;57147.102;296803.165;31878.468;57957.568;59426.717;308395.391;19238.963;1526.938;2717.879;32451.117;2346.355;51841.134;23778.696;13690.153;37594.63
26;Drôme                  ;24898;51;1.0015577663732713 ;523185;7.8;7427;7758;14234;65258;2041;13204;72228;2109;6752;5311;70574;22010;9945;84289;4577;1898;LREM;26720;34070;32410;25480;23930;29330;32150;32600;32880;35430;35390;31480;34120;32650;30770;22380;15640;11450;5630;1860;32265.918;62668.796;70111.358;311033.49;36031.772;77865.364;70895.318;338847.724;26182.316;2559.661;6252.475;39870.61;1538.861;60207.063;37217.99;18766.32;40051.107
27;Eure                   ;23015;40.7;1.116120058319787  ;596710;7;6626;7563;11477;55571;2197;13552;83058;2710;7056;4027;102952;20930;7768;106463;5085;1789;RN  ;30720;41810;37980;24440;24530;33450;37470;37540;39430;40490;40260;38060;38880;36320;34020;21420;14540;10880;5440;1820;23518.373;51324.711;67584.212;294713.469;25572.998;51566.779;70576.146;302201.192;18052.749;1992.015;3615.58;21571.515;219.014;60605.301;27572.656;27086.954;32619.478
28;Eure-et-Loir           ;15859;38.6;1.331020946679907  ;428994;6.7;4905;5731;7904;40529;1419;13003;59869;1766;4267;3076;61960;14803;5694;78960;3489;1418;RN  ;22550;29470;26810;18770;19430;23440;25980;27090;28040;29530;28810;27260;26950;25680;24440;16010;11720;9090;4900;1720;20666.979;37509.702;56843.385;226597.518;22267.087;38523.502;58016.384;242147.711;11425.231;1762.349;3457.43;17338.312;641.188;50780.788;20283.415;18456.849;31750.372
29;Finistère              ;33356;37.7;1.2914860187999762 ;926065;6.1;9302;8566;33200;116591;3627;26541;174894;6266;15340;13077;100890;25607;18320;154870;8692;3220;LREM;41170;53860;56610;49990;42340;46720;51880;54170;58110;61540;62560;48290;63560;63160;59390;38440;28280;22150;11040;3160;68519.101;111376.04;109732.73;556618.681;70284.45;112241.552;111373.311;565476.363;42275.01;5672.57;8619.745;43637.097;36.848;84157.372;65484.196;32208.51;51915.073
30;Gard                   ;36046;50.1;1.276677206624991  ;757435;9.9;11675;8137;14974;88827;1768;15460;88278;2706;12123;6585;121480;38479;15162;132723;5840;2496;RN  ;35150;45830;44990;36770;34410;38340;42420;44310;46000;51460;52720;41710;51170;50110;49080;34470;23280;16850;8660;2940;45087.382;95408.617;106963.819;528420.836;45109.032;95828.477;109229.066;534033.548;25065.619;3171.808;6312.374;40173.855;1740.627;91418.491;52051.124;30757.254;60661.237
31;Haute-Garonne          ;85525;63.6;0.6719410868171007 ;1470367;7.4;25199;12443;42599;188867;3006;27153;196712;4888;16307;19658;133254;50613;35479;183366;10129;5847;LREM;79350;86470;88770;109380;99680;99530;99510;95860;90720;90150;87130;85720;76400;66610;63000;45060;31080;24190;12590;4810;134814.218;142027.293;193607.17;875444.096;140100.205;144826.235;199524.004;949836.451;80211.285;3445.986;10373.089;83410.297;124.834;183697.618;59292.226;25517.884;146998.047
32;Gers                   ;5801;31.8;2.1367078103931125 ;192820;5.7;2434;2418;4090;21353;529;5126;28970;793;3128;3861;26015;8396;11720;28267;1762;850;LREM;7570;10710;10240;6690;6750;8460;9840;10530;11980;13720;14540;9400;14820;14850;14220;9830;7220;5760;3310;1150;14235.225;36758.895;31274.74;142762.051;15397.192;40022.799;33145.469;150296.608;11240.258;864.741;80.798;21201.228;30.44;28221.124;18171.49;12862.825;15085.987
33;Gironde                ;93495;60.4;0.9412115260574292 ;1691437;6.6;32877;15693;46677;194775;3679;37575;256179;8734;21522;19598;191542;58321;37725;249014;12367;5147;LREM;83770;100020;103180;113850;98270;103950;109000;111150;111510;109740;101690;93610;95810;90310;87960;59620;40490;31330;17090;6010;75294.107;176823.967;279605.842;1038220.731;75337.732;178524.574;282296.449;1076816.993;114159.739;12166.181;17650.425;86387.181;9337.992;241557.581;80125.076;38433.87;201467.236
34;Hérault                ;73711;63.5;0.8606389493877783 ;1232805;10.1;23697;11475;28057;154819;2580;23230;142306;4393;14165;12150;165734;57751;22068;195766;8867;4004;RN  ;60290;69630;72530;84910;71340;70740;71870;72830;73710;76320;74600;65620;71000;70520;71720;52270;33930;25400;13200;4550;64682.006;180326.376;170625.763;858997.381;71826.355;180728.557;174787.899;876415.774;80789.646;5180.635;9793.127;105565.398;2730.014;141218.306;72333.755;41771.664;94866.062
35;Ille-et-Vilaine        ;47159;45.2;0.9243697478991597 ;1118600;5.4;14477;10560;42613;132510;3783;26194;205882;5376;12696;13973;101797;27463;13985;161427;9511;3866;LREM;59290;72720;74660;77880;65080;67490;70260;71750;71730;71410;67860;67200;60920;55700;53770;35400;26860;20700;10630;3420;65175.509;124409.886;159195.286;621665.786;66372.784;125138.53;163706.902;632480.859;43513.525;8890.424;13805.226;51617.809;1206.573;133663.325;69368.582;54163.491;72736.233
36;Indre                  ;8060;38.5;2.107819872134901  ;214914;7.1;1923;2886;3726;20954;1085;6589;31498;1155;3702;2464;34516;7438;4984;41406;2451;1246;RN  ;8860;11920;11430;8960;9190;9800;10830;11100;13310;14840;15790;10400;16100;16330;16070;11150;8360;6600;3420;1230;-3076.492;32094.873;19397.776;112272.142;10771.324;32211.711;20522.203;131045.393;8105.068;454.976;1418.148;13772.037;96.965;16543.909;17670.525;9445.255;6326.515
37;Indre-et-Loire         ;27990;48;1.8785921400093202 ;618016;6.5;8165;7271;16245;68012;2243;16279;101503;2882;7835;6216;70553;19931;8520;105536;5437;2039;LREM;30340;37470;40090;38510;30810;34910;36480;36420;37870;39960;38940;34780;37850;37010;35930;24830;18130;14440;7670;2780;23030.541;71179.277;69994.567;336416.274;28764.401;71860.112;72975.844;353447.09;23982.669;1081.071;7090.395;32754.171;510.0;53972.422;38004.238;19116.965;34795.832
38;Isère                  ;66797;56;0.6813567806587376 ;1294476;5.9;19361;14327;40378;153474;3479;28575;180533;4826;14694;12736;154799;47450;17025;198676;10990;3478;LREM;70650;85710;83770;78630;69440;75680;80540;82470;82710;85680;82660;80740;75150;68170;63550;45840;32420;23290;12120;4060;62081.446;172287.608;144652.588;692389.009;63530.121;173226.337;145558.974;704778.826;58152.558;6985.666;9608.338;96663.985;2627.474;120248.309;71119.383;31834.893;88413.416
39;Jura                   ;9021;36.2;2.4064108654512606 ;256814;5.1;2781;4143;6388;28882;1053;7424;36139;1343;3166;2635;38179;9657;6218;41634;2625;1111;RN  ;11930;15660;15290;11460;11140;13330;14680;15260;16210;18060;18460;13960;17890;17020;16630;11560;8190;6340;3400;1250;14315.445;27031.242;32894.399;137994.123;14895.766;30547.569;33162.66;149393.772;8363.688;779.575;1686.98;11546.912;109.735;29653.531;18191.672;11611.977;17454.184
40;Landes                 ;17058;42.1;1.0054377620028507 ;428669;6.9;6353;4914;8628;44548;1115;10393;69459;1975;8176;9071;58646;16817;24308;65654;4033;1600;LREM;17150;24470;23160;15490;16230;20320;23800;26180;28230;30110;30130;21730;30320;30420;29880;19830;13760;10640;5460;1930;19975.103;67456.884;50243.604;239746.676;21492.874;68526.741;52486.001;246613.57;12383.907;3010.75;2752.166;28573.035;0.0;44651.827;35222.02;17515.244;27130.939
41;Loir-et-Cher           ;12048;38.8;1.9757094941264763 ;326465;6;3585;4427;7097;30377;1246;9586;50480;1527;4507;3165;50212;12703;5483;59350;3181;1377;LREM;14630;19860;19160;14460;13690;16040;17570;18710;20800;22200;22580;17940;22870;22260;22070;14550;10720;8790;4650;1590;21764.638;43308.723;43037.588;202322.171;24105.106;43581.884;44774.446;211220.331;11021.814;968.462;3776.577;19762.183;732.428;39073.753;22106.827;13763.71;24773.187
42;Loire                  ;36806;50.8;0.9438823733527376 ;772342;7.1;10155;9029;16656;78169;2390;18539;104003;2767;9017;6970;97764;28706;11928;118592;6664;2600;LREM;41670;49330;48440;43940;38510;40900;44470;44540;46980;49490;48860;46700;46010;45740;45360;31800;23380;18670;9920;3460;37448.088;98877.813;105503.523;469600.118;38095.035;99268.214;106717.246;481599.223;32276.816;1984.29;11105.294;50063.303;319.402;86898.179;47365.642;19371.534;60095.201
43;Haute-Loire            ;7468;34.1;3.208772996941087  ;226878;5.6;2537;3366;5796;24332;1020;9560;32417;1205;3493;2491;38629;9529;7817;37000;2837;1214;RN  ;10270;13740;13370;9390;9340;11400;12430;13430;14680;15890;16200;12180;16390;15790;15260;10200;7390;5840;3170;1070;18298.158;33996.028;27232.866;132346.663;18478.707;34161.725;28195.358;135476.551;8938.874;908.152;1157.678;15787.603;34.59;25750.058;17728.032;4901.849;20685.556
44;Loire-Atlantique       ;80463;59.3;0.520265301910823  ;1497313;5.7;20606;14779;60072;187977;4712;37541;256609;7280;18322;18369;135702;42761;18298;236339;13373;4559;LREM;83080;96660;95920;91860;84300;93890;97210;97000;95950;94290;88610;90300;81480;77760;74390;47780;34390;26010;13540;4670;73548.375;128110.671;164627.719;744499.117;75696.241;129697.512;168920.113;758593.447;48197.853;2565.841;12656.918;48855.547;2500.0;143716.165;76864.123;29131.046;113840.804
45;Loiret                 ;26906;41.7;1.103966560590724  ;686615;7.1;8276;7674;14401;63486;1959;18086;97004;2433;7530;5656;85832;22878;8483;114468;5512;2148;LREM;37930;46050;44510;39500;35520;39530;41690;42120;42980;44880;43800;42920;41160;39070;37700;25650;18220;14040;7080;2400;19052.978;66301.01;74520.033;340451.153;20206.86;67185.707;76164.624;352188.059;16249.932;4769.315;5632.351;33141.524;680.0;48612.79;32560.667;15587.519;33005.484
46;Lot                    ;5582;32.7;3.873183197572273  ;175308;7.3;2117;2400;4603;25932;618;5648;27311;976;3559;2766;21422;6123;8032;27164;1767;957;LREM;6290;9160;8690;5870;6310;7890;8740;9140;10340;11680;12710;7880;14530;14710;14170;9990;6990;5590;2900;1050;8565.62;39321.103;22142.297;125909.096;8839.113;39514.108;22760.568;127321.028;8022.916;556.94;2072.054;24327.445;126.35;15453.048;14305.147;7291.642;8160.626
47;Lot-et-Garonne         ;13758;43.9;1.766628389718223  ;328309;7.4;4179;3912;5686;34044;889;7703;42568;1437;4970;3357;50290;15646;13600;52907;2793;1502;RN  ;14360;19640;18290;12650;12530;16110;18340;18580;19110;21790;23540;17760;23650;23650;23360;16620;12050;9450;4950;1870;17370.898;51496.101;50220.858;224980.492;18327.66;51574.831;50375.231;234160.259;11402.521;2079.976;2842.475;25363.731;665.0;44461.97;24374.31;7697.008;36509.682
48;Lozère                 ;2088;27.5;3.9270431061475835 ;76648;4.6;721;913;1736;9153;235;3039;10739;426;1343;1045;10497;3148;4722;11680;741;395;LREM;3220;4430;4430;3640;3140;3610;4210;4280;4760;5420;5460;3820;5710;5520;5300;3670;2600;2060;1080;390;6622.781;13211.947;9373.613;52881.242;7264.347;13249.034;9901.566;54222.459;4477.354;247.757;648.52;5093.421;0.0;8621.462;7493.402;2699.648;5846.748
49;Maine-et-Loire         ;29065;37.3;1.3353149761731997 ;828269;6.5;9515;9420;26635;80616;3071;21538;157063;3663;8362;8801;89433;21704;11036;136866;8072;2983;LREM;44410;56110;56640;51170;41090;45580;49430;49900;51920;51560;51220;52020;49410;46570;43230;29320;22010;17690;9650;3510;45515.045;89908.305;120830.653;459268.169;47353.095;92063.33;122236.636;467500.5;32414.956;2585.742;6009.387;22122.244;1212.0;107110.222;66274.336;28935.694;77402.81
50;Manche                 ;14557;30.2;1.437149085948823  ;492642;5.1;4244;6886;11873;46940;2249;14746;92642;2720;7368;5853;69770;13990;9421;93460;4747;1948;LREM;22060;28970;28050;19480;20990;25240;27140;27850;29610;32730;35310;26240;36180;35040;33650;21880;16900;13800;6970;2230;19073.498;57863.691;64929.396;260418.601;20797.447;58086.643;66586.699;274199.506;23608.155;2603.586;2666.112;24831.629;1012.515;52677.302;31361.464;26702.531;25599.706
51;Marne                  ;28011;51.9;1.1416253625192339 ;564108;7.1;7453;6159;9561;42858;1778;14357;78472;1894;5307;3542;83756;19501;6921;101010;3826;1702;RN  ;28110;34600;36310;39900;32730;33600;33600;33770;35030;36370;36080;32890;33930;32380;31690;20470;14110;10760;5330;1810;16545.88;49017.074;70293.275;303709.753;17458.008;49429.747;71945.477;309993.494;24571.07;2029.341;3383.531;17020.018;680.684;57230.9;29106.88;29298.15;26956.563
52;Haute-Marne            ;7039;43.1;3.730363367234876  ;167544;6.3;1466;2584;2580;13228;696;4841;21886;747;1833;1305;34331;6450;3327;33273;1489;819;RN  ;7280;9550;8970;7720;8070;9050;9030;9320;10100;11280;12210;8730;12500;11990;11650;7600;5780;4420;2390;790;8520.254;25425.842;21429.17;110609.984;9021.699;25489.165;21925.9;112480.98;6572.255;713.426;866.232;10922.84617;342.72;18349.309;13952.056;8937.889;9411.42
53;Mayenne                ;10508;36;1.515786441077485  ;305452;5;3236;3858;7934;25608;1273;9236;60755;1372;3313;3468;37376;8042;4673;52812;3483;1519;LREM;15470;20490;19950;15170;13650;15410;17060;18340;19540;20390;20560;18390;19710;18800;18130;11680;9460;7860;4190;1550;1802.402;34444.129;38140.526;156217.711;2677.924;34536.888;39527.506;168493.587;7968.293;1158.433;4124.699;9688.586;409.868;30322.325;23455.493;15165.688;14859.18
54;Meurthe-et-Moselle     ;32499;46;1.1816685104533795 ;729477;7;7863;7271;14588;73892;2373;13387;95252;3214;7961;6362;97243;23518;8739;130919;5092;2246;RN  ;36340;44050;47370;52920;42780;44410;45230;45060;44120;45630;46330;41550;44970;42340;39180;25080;19030;14560;7450;2170;41848.721;88683.934;111572.9;472673.938;43024.395;90842.596;115022.578;481724.505;34541.736;4737.595;7273.956;44548.736;2419.244;97291.269;44297.262;17606.166;75142.356
55;Meuse                  ;7379;42.6;2.578506825459244  ;178010;7.2;1477;2422;3130;13559;702;4403;24539;883;1957;1483;34588;7347;3500;34092;1509;691;RN  ;7880;10880;10420;8560;8350;9990;10520;10230;11170;11860;12910;9700;12880;12600;11870;7230;5310;4400;2290;760;15788.537;22335.171;35192.632;132183.035;16404.472;22436.921;36136.135;135226.994;4672.443;416.946;1993.428;10605.841;519.376;26044.77;11122.236;8639.031;17029.267
56;Morbihan               ;28120;38.3;1.6890001453594945 ;777383;5.8;8904;9586;27036;84200;2952;22838;152740;4376;11529;8267;102856;26595;14399;130520;7959;3119;LREM;33600;46400;45320;34010;30320;37130;42910;44830;49060;51770;53980;41490;56650;56360;54220;34720;25310;19510;9650;2960;31417.977;97673.52;71760.077;378468.98;34094.92;98320.537;74444.767;388098.171;23489.958;8928.867;4508.951;43563.252;500.0;55113.659;50886.193;32231.862;22276.219
57;Moselle                ;38314;38.3;0.6695477509282366 ;1051456;7.2;11233;12651;18931;100159;3499;19300;136366;4343;8750;7534;159254;39369;14163;210299;7943;3353;RN  ;50860;61490;58890;50810;54880;63450;67710;66400;65450;70870;74910;57860;71150;65360;56670;36240;28940;20450;9450;2640;46351.461;98541.49;109134.265;508087.415;47930.186;99025.594;114171.313;520044.653;28825.926;1301.271;5185.471;47350.442;4139.482;100545.613;50343.499;10990.062;88409.313
58;Nièvre                 ;7406;37.9;2.7241896925557345 ;197857;6.7;1876;2495;3552;19930;833;5172;28686;1010;4281;2160;32838;7378;4106;38850;1957;938;RN  ;7480;10380;10650;8680;7830;8600;9970;10480;11470;13010;14090;9330;15450;16320;16430;10430;8200;6500;3440;1280;1295.291;39164.254;39621.275;155424.217;19217.544;40101.024;41792.634;177366.306;7963.053;1144.697;2948.152;14943.639;150.0;37243.149;23788.658;19203.955;17675.873
59;Nord                   ;154530;62.8;0.5819739235784223 ;2606646;9.2;32688;20617;46962;279785;7673;42470;336138;8265;45902;18215;373127;73168;22459;514033;17416;7676;RN  ;151530;173050;176670;183530;159320;163200;166380;162580;161800;160800;158490;166990;148440;136890;127140;79010;55120;43010;21220;6690;193490.196;331061.572;399660.066;1992369.616;195699.385;332466.315;481200.303;2085189.581;132257.654;7858.02;33119.876;177119.726;16081.208;405959.393;143521.867;145789.122;258610.631
60;Oise                   ;36064;45.9;1.1629037310128063 ;833259;7.4;9689;9393;13785;79446;2859;17450;100043;3048;9054;4251;132873;30333;9179;142081;6324;4002;RN  ;47600;57940;54040;43450;43600;51350;53640;54560;55500;56650;55490;55140;49550;44800;41330;25990;17450;12850;6560;2150;21705.293;73149.98;100953.977;480921.258;21833.849;74961.153;104316.494;489753.329;30882.429;1785.303;6238.065;31641.844;662.302;86065.588;39608.55;23408.498;62642.132
61;Orne                   ;10106;38.2;2.0449148318625583 ;272872;6.6;2474;3826;5513;22993;1203;8838;46005;1334;3261;2368;41804;8910;4895;50935;2586;1067;LREM;11650;16500;15600;13100;11500;12370;14290;15080;16280;18300;19230;14230;19960;20220;19540;12860;9700;8060;4140;1360;13959.74;48190.806;36126.479;186748.381;14259.172;48315.199;37291.546;189182.821;9718.393;580.091;2602.506;20212.373;0.0;32635.333;26599.675;17048.156;12714.42
62;Pas-de-Calais          ;66141;47.5;0.8115911726391982 ;1453934;8.2;13307;13970;19295;124741;5887;25307;194610;5488;26146;11619;305816;40764;17010;286319;10601;6150;RN  ;77750;98190;94650;82660;74590;84500;91370;90760;93050;94930;94760;90090;92280;87120;81280;48010;33750;25970;12360;3510;78500.775;228265.327;237190.28;1072097.688;87924.976;229165.255;249636.251;1099124.579;57266.217;31473.637;13790.238;145625.904;2869.365;186353.01;80233.327;82709.834;100609.179
63;Puy-de-Dôme            ;26835;43.3;1.884573251015891  ;669117;6.3;8527;6922;17029;74534;2556;17352;100134;3189;12713;8216;78182;20624;16136;100869;6938;2709;LREM;32040;38850;42040;45050;35630;38070;40050;40820;41970;43710;42900;36150;42030;40950;39750;27410;18760;14430;7620;2570;34620.585;73266.116;61853.746;357283.438;34954.638;73558.942;65129.193;365787.508;22671.938;917.996;5803.232;24539.968;460.085;53944.372;42133.195;12091.516;41852.856
64;Pyrénées-Atlantiques   ;26473;39.7;1.0058762084485005 ;697899;5.7;10708;6721;19967;76030;1677;17166;111610;4982;10170;9276;69768;25877;48246;110134;5816;2489;LREM;30850;39300;39220;32340;30710;37690;41770;42390;44760;47520;48220;36220;47410;44870;43270;31210;23370;18270;9530;3750;26468.251;86939.565;94748.827;401075.559;27850.749;88280.937;97513.591;418961.076;30880.474;4832.193;4153.021;45493.628;3258.068;82700.78;39465.568;26316.626;55657.166
65;Hautes-Pyrénées        ;8901;39.4;1.491870606245907  ;230583;7.9;2986;2409;4872;26449;636;4560;33692;1003;4539;3315;29938;8714;14761;39595;2064;896;LREM;8800;11720;12720;11180;9160;10880;11840;12460;13880;15910;16650;10520;16950;16960;16340;11200;8480;6980;3820;1340;16774.123;54639.517;26964.06;171164.517;17928.976;56608.873;29453.889;178590.672;12522.327;1745.11;1161.096;34418.262;307.393;24633.009;20961.249;13835.767;10796.341
66;Pyrénées-Orientales    ;28597;59.7;1.1537034696714596 ;490594;11.6;8034;5209;8588;51556;1312;8815;55169;1995;6509;5013;87930;24782;11690;87704;3528;2276;RN  ;21430;28750;26880;22040;19830;23970;26360;27990;29600;31810;33080;26470;33020;34180;34930;25030;17180;13040;6810;2180;30015.484;60197.213;62093.569;370610.6;30696.675;61764.21;62819.499;376632.662;24558.905;1005.885;3297.597;34239.506;0.0;34492.768;25812.044;15260.188;17672.101
67;Bas-Rhin               ;45031;40.8;1.070674807560967  ;1168422;6.2;15712;17009;28573;105055;3687;24812;177069;4158;7015;8348;145883;40458;14652;190224;8335;3434;LREM;58490;67390;68230;74240;70140;73840;72880;71950;72040;77550;78230;64880;72800;66490;57900;37290;29880;20770;9950;3050;3338.197;197906.101;222125.026;1119310.861;3338.197;200862.717;231478.421;1174107.838;79852.461;9735.651;13408.786;92007.547;0.0;0.0;101281.15;38031.637;0.0
68;Haut-Rhin              ;29913;41;1.0139996958000912 ;769231;6.9;8749;13745;18963;66238;2265;15994;107248;2842;4649;4881;106937;30284;11063;137861;6382;2386;LREM;38730;48050;44380;34050;37080;45150;48020;48890;50450;54600;55120;45570;51000;47430;42200;28090;21480;15300;7140;1880;2510.946;49936.31;43081.604;213102.547;2510.946;51213.81;45543.5;229516.513;13179.127;1376.714;3184.188;23375.988;0.0;0.0;24652.339;10669.194;0.0
69;Rhône                  ;140607;79.3;0.54762745091915   ;1921014;6.3;39012;16487;51907;229036;3774;50263;278243;5267;15938;15895;150463;74168;17572;255580;12708;3925;LREM;116200;119470;123340;145680;133080;132910;126750;120610;115450;113500;108800;119690;93430;84230;81550;61400;44360;33820;17750;6410;111288.18;147969.791;179043.422;912298.92;111298.938;149648.907;185934.921;950805.088;66673.334;8358.937;10224.598;68631.559;7020.875;190609.134;76628.811;27362.443;148107.863
70;Haute-Saône            ;7797;34.7;2.3298658601303863 ;231773;6.4;2185;3640;4292;21089;1171;6754;30204;1295;2836;2345;46618;9675;4820;39039;2364;1573;RN  ;10750;14210;13810;9650;9280;12000;13090;13620;14950;16280;16630;12510;16560;16060;15510;10120;7240;5250;2640;780;12610.656;68223.615;74214.725;327863.5;13189.854;72146.823;75103.802;339590.964;21343.634;1789.014;4111.511;22186.053;479.404;28729.911;43629.649;13941.929;16022.005
71;Saône-et-Loire         ;19221;36.9;1.779443951169427  ;547362;6.4;5965;7745;10730;52336;1979;15210;82633;2369;7419;6037;81970;20686;10186;95369;5923;2400;LREM;24250;32250;30510;22590;22030;27160;29330;30880;33530;37090;38760;29420;38930;39010;38370;26890;19190;14850;8110;2740;29876.073;47929.108;54845.281;226893.232;31711.064;48154.357;55426.487;234110.473;15760.857;1284.592;3801.946;22645.772;540.938;55929.959;23051.85;11119.544;40656.106
72;Sarthe                 ;23477;44.1;1.139092746130435  ;567118;7.1;5403;6494;13541;54244;2150;15937;83876;2505;6908;5409;82234;16218;7546;105454;6694;2098;LREM;28570;35870;36380;30170;26520;28880;31420;33110;35530;37080;37180;33720;36690;35360;33370;22310;16680;13690;7230;2410;23833.405;66843.758;108422.316;374426.598;24316.773;67626.736;109153.841;381319.123;33664.142;2192.82;4909.321;36566.422;2480.0;59386.551;29182.092;10532.573;44842.488
73;Savoie                 ;18433;42.3;1.1612404728035248 ;447797;5.3;7515;6694;15642;49858;1205;13608;64689;1849;5536;4418;56733;18045;8081;68929;3931;1491;LREM;21110;27180;26120;21690;20690;24370;27630;28120;28990;30930;30650;25310;28350;26200;24630;17640;12320;9220;4960;1640;28175.308;181383.997;351232.505;1369736.154;29605.2;185785.636;365535.626;1403362.216;82410.597;22927.202;26107.065;81249.907;2236.4;41423.802;85628.493;56071.03;30013.148
74;Haute-Savoie           ;37384;46.3;0.6134990669943301 ;862267;5.4;13759;14175;29948;78062;1880;22349;130422;3232;5997;6606;87744;33353;13371;129384;6918;2224;LREM;49540;56450;49240;32440;44590;59710;63310;61520;58490;58410;55450;56320;46950;40150;39250;27520;19050;13470;6790;2120;30166.872;163729.224;174998.195;828373.909;30723.21;165376.453;181788.285;846005.685;42954.116;7595.685;12096.095;82576.831;5058.472;93941.997;75675.121;29313.386;68329.613
75;Paris                  ;278597;133.6;1.119539628563955  ;2102650;5.7;88925;9591;80268;317372;2891;69564;372820;5732;17267;22901;58429;86088;12139;296668;11028;5267;LREM;101290;95550;104050;150060;216260;194650;147340;132720;131580;129370;127670;91300;111790;100130;99340;72670;49540;34380;19420;8400;143199.841;89636.575;157202.201;672545.397;143200.069;90237.698;160892.814;682797.08;46920.564;1197.714;15477.348;43984.753;18495.483;262866.763;39900.283;32531.773;206795.733
76;Seine-Maritime         ;62197;51.4;0.9830936594046902 ;1254204;7.9;13546;12365;24785;136136;4433;24281;179698;5477;19896;11139;177806;33361;13588;222147;10982;3158;LREM;66670;78060;79730;80420;69720;73420;77050;73880;76520;79380;79360;74720;77080;74410;69860;46330;32770;25270;12840;4140;65613.781;79491.434;133235.667;679640.319;70398.049;80275.833;133977.756;692580.511;44974.348;1638.886;6907.681;32928.03;1353.184;155601.802;34657.246;24770.896;126253.217
77;Seine-et-Marne         ;71489;53.7;0.693156201063482  ;1452775;6.7;23682;15042;26718;170969;3440;36828;165208;4600;12843;7853;155738;47893;13797;223172;11057;4145;LFI ;88230;104170;99400;85620;81050;91820;97760;97820;99180;96860;91940;99500;78510;67280;59400;39510;26830;19390;9650;4120;54202.352;44667.96;44045.91;202140.739;55245.093;45299.279;44947.069;206522.575;13403.611;1283.831;1763.431;17971.397;4560.82;134471.807;25008.37;14458.277;100460.789
78;Yvelines               ;68195;50.7;0.6110060457440316 ;1461524;6.4;25527;13097;40470;168585;2774;61296;246062;3963;11721;9046;101398;64407;13687;211708;9601;3430;LREM;89190;105020;98400;77480;75780;87010;95900;100200;103000;99920;94550;102060;79880;66550;62870;45680;34010;24080;11970;4560;104590.115;80816.868;79621.708;398369.002;105623.632;82556.746;82083.69;404366.488;19598.352;4726.193;4639.764;28974.082;5396.966;100399.00902;48868.08;23848.364;75628.113
79;Deux-Sèvres            ;12704;35.8;1.5004051896367736 ;373899;5.3;3420;4531;10074;39120;1644;9257;68446;2134;4538;4340;47903;8803;7014;59403;3839;2168;LREM;17080;23840;22530;17390;16760;19420;21350;22630;24490;25440;26040;20950;25940;24600;23740;15630;11770;9910;5140;1920;17600.054;56280.465;52263.844;263465.199;18135.481;56615.691;52949.11;270739.924;13994.654;589.348;1603.367;28806.637;25.75;39050.019;25260.121;13877.827;24348.377
80;Somme                  ;26419;48.2;1.2073033877181256 ;564067;8.7;5802;5616;8048;52343;2486;11380;83107;2206;7706;3746;98024;16885;7371;102687;4837;3614;RN  ;27610;34590;37430;38890;31760;32200;33130;33580;36010;37340;36750;31660;35590;34050;32370;20590;14510;10910;5670;1860;37220.841;36510.291;36646.341;169676.588;37236.846;37097.925;37532.166;180115.224;9517.894;1381.721;1181.141;20551.736;1374.744;67511.192;15592.699;17072.269;32963.061
81;Tarn                   ;14459;38.9;1.1506896534244422 ;394546;7.8;5240;5123;8680;48430;1175;10014;53925;1829;5313;5818;56543;15982;17010;62818;3451;2067;RN  ;16960;24010;22600;18430;15950;19260;21580;23160;25110;27090;27690;21000;26920;26720;25900;17760;13350;11000;5930;2050;21166.726;134165.026;113788.02;659902.086;22034.256;134663.568;117674.71;674303.486;58315.155;4705.165;7930.155;71537.56;0.0;49109.448;60545.807;21647.459;35231.621
82;Tarn-et-Garonne        ;8936;36.4;1.5674393603945285 ;266039;8.6;3564;3412;4835;27881;679;5994;31737;1057;3628;3069;42183;11772;9573;39625;2169;1092;RN  ;12710;17420;15990;11990;11250;13350;15100;16900;17770;17980;17960;15450;17230;16700;16170;10700;7740;6130;3300;1170;16250.015;60548.068;71053.74;356269.629;16885.827;60953.91;72468.188;373017.837;19618.53;1483.838;3077.435;29049.388;0.0;33384.218;29255.725;20321.505;15976.442
83;Var                    ;62862;59.3;0.5872498333723633 ;1110260;7.4;21660;15286;21044;89272;2098;28342;142335;3578;10672;5703;183287;79329;17784;211212;7803;3159;RN  ;47800;61070;57590;49320;48040;55930;62620;63540;67610;73020;74860;56550;73660;73350;75620;57820;40770;29000;14580;5100;24042.807;77257.65;66105.393;312215.435;27864.472;77708.24;66992.219;322045.591;26943.38;499.427;6710.426;22264.778;4675.304;98126.424;53419.898;20411.073;61218.305
84;Vaucluse               ;29764;57;1.3959123005237775 ;563789;9.5;9933;6896;12128;63049;1221;11918;66885;2023;6247;3769;89413;30473;9843;101650;4350;1742;RN  ;29950;36100;33870;26850;26010;31120;32600;34060;35020;37490;38540;33920;36850;34670;34630;24790;16980;12550;6430;2040;45303.95;54865.047;51746.837;258460.506;49956.93;56052.895;53799.025;267837.693;12126.233;4759.394;3056.505;26160.529;1963.788;62115.112;27843.979;14520.059;41010.94
85;Vendée                 ;22541;33.4;1.0151225055479265 ;709274;5.2;7814;9664;19753;60524;2647;22534;149587;3621;8153;7244;97280;25663;13039;120547;7312;3395;LREM;30920;44260;41460;28990;27720;33750;39480;42920;44520;45060;46300;38840;49000;50530;50120;31810;22360;17200;8670;2690;29502.74;46803.44;40735.15;238193.721;31196.23;48355.954;41237.656;251880.83;16582.886;1541.954;1348.877;22904.695;198.0;48169.501;23510.743;14541.458;27748.44
86;Vienne                 ;18347;44.1;1.9205768978153437 ;441534;5.9;5232;5095;10727;49162;1715;9959;67831;2315;6412;4542;54214;11939;7741;68304;4053;2002;LREM;20430;25990;29220;33100;23850;23570;24840;25370;26330;27630;27650;24140;27810;27890;25540;17370;13200;10600;5900;2200;25092.243;43852.703;52157.802;207790.131;25245.978;44369.599;53020.314;212056.402;9949.363;3282.163;3252.573;17326.52;1018.228;42000.151;26451.063;13443.449;27166.065
87;Haute-Vienne           ;15405;43.3;1.5995115005417264 ;370113;6.5;4081;3555;7877;43137;1457;9544;54951;1787;8030;5654;45357;10796;9973;55484;3787;2353;LREM;15840;20470;22010;22000;16930;18190;20220;21050;22370;24780;24760;18980;24910;25000;24930;17040;12100;9890;5400;2020;21366.631;48381.413;50922.251;222108.523;22295.301;48627.956;51232.067;232730.842;13348.739;843.393;1583.438;17270.898;1060.704;35986.994;30670.754;14220.649;21103.151
88;Vosges                 ;12979;37.4;1.5454473929707433 ;355884;7.4;3665;6152;7562;32655;1569;9344;51432;1986;3847;3114;65646;13184;7203;68914;3431;1874;RN  ;15140;20960;20580;16070;15000;17940;19520;20490;22070;24670;26100;18480;26300;26000;25050;15390;11590;9010;4680;1450;5298.857;19671.707;16015.482;88713.655;5344.736;19712.27;16691.728;90007.941;3449.419;1033.808;28.866;10704.721;912.504;44273.443;8565.592;4794.453;28960.117
89;Yonne                  ;15268;47.8;2.1559511844067036 ;329321;6.7;3600;4594;5917;31601;1203;9322;42617;1487;4023;2286;55164;12941;5356;57549;2715;1182;RN  ;15660;20880;19280;13500;13890;17550;18820;19420;20950;22370;22840;18160;23220;23240;23010;14540;10740;8390;4400;1720;19351.925;88980.946;188739.713;686130.187;19752.351;90614.323;191592.519;706773.681;47264.568;2005.71;10876.5;39049.434;113.416;46500.728;40089.767;33874.184;31362.333
91;Essonne                ;67826;55.6;0.45818823406048237;1316053;6.4;23093;15203;29562;167310;2831;33046;164503;4306;13480;7944;105862;39284;11610;192200;8954;3405;LFI ;86610;92560;86490;78700;78440;85710;86260;86570;88800;87540;82650;92160;69800;56800;52300;37100;27250;20400;9930;3410;41227.902;161867.162;343800.984;1356769.043;44195.407;191048.341;375709.749;1443808.961;85068.051;4000.263;10642.532;106012.88454;8804.147;139632.509;58692.041;84823.472;102712.026
92;Hauts-de-Seine         ;95239;61.5;0.27953680933397157;1642002;5.9;36273;9743;47103;199640;2306;62231;287494;3704;13170;10518;64812;62761;11260;208790;11841;2294;LREM;104910;102450;95200;91990;112850;125320;121650;117670;111000;105060;98000;107350;82630;67350;63950;45290;32970;24960;13900;5940;124030.658;126776.542;92724.684;855031.794;125753.524;132466.699;137897.228;916457.165;42049.724;3022.185;6403.873;48884.202;10872.285;179288.802;53735.075;21396.242;138277.271
93;Seine-Saint-Denis      ;132018;84.4;0.20204349164431312;1682806;10.2;38726;6300;19352;266632;2756;17481;110118;3663;11642;5890;64543;27969;6805;239927;7607;3244;LFI ;124070;119160;110060;105610;110960;122820;123370;119040;108600;101930;94920;123560;81500;66240;55740;35650;24680;17560;8220;2840;68718.57;81546.883;149803.225;670707.035;72036.717;88439.622;155827.168;698348.139;36439.128;2258.671;8483.946;39730.74802;13580.375;225967.527;45174.182;18550.977;120641.606
94;Val-de-Marne           ;86522;65.7;0.25792922085750253;1426748;7.2;28800;9359;31904;192427;2504;32522;171409;3730;14954;8276;69599;43430;8944;195409;8501;3118;LFI ;91240;89460;86860;92520;99240;102080;98990;95910;93740;90870;88090;90800;75660;61790;55820;38410;27780;21500;11580;4540;185727.703;80791.628;65466.919;475640.315;188315.073;81005.829;65467.169;479161.214;23769.227;3715.84;2752.813;42761.42;10453.4;110695.881;37431.259;18812.278;86105.446
95;Val-d'Oise             ;73314;62.6;0.43393854551332656;1274374;8.1;23846;8996;20710;175666;2392;26403;138166;3352;10060;6094;91081;37564;9101;192853;8027;3064;LFI ;85970;91830;86040;80450;76490;83790;87980;86290;83190;78950;76720;92660;67470;55390;48880;31100;21250;16020;8020;3410;41496.301;101484.193;61188.361;435201.889;45779.181;105643.527;62199.016;445245.218;31910.784;117.039;2097.016;62294.35;7073.099;121435.057;35899.772;25497.441;102864.309
